{
    "loss": 5.351761817932129,
    "accuracy": 0.4991856813430786
}