{
    "loss": 1.970426321029663,
    "accuracy": 0.7377850413322449
}